[

    {
        "pattern": "startConversation",
        "template": [
            "Hello! Kamusta? Ok ba ang araw mo o medyo hindi maganda? >> Kwento ka usap tayo >> kung di mo trip baka gusto mo nalang makinig ng music >> o kaya  naman videos baka trip mo manuod? Para naman gumanda mood mo",
            "Uy! mukang kailangan mo ng kausap ah >> busy ba ang buong tropa? >> Ano gusto mo ba magkwento? >> Kung ayaw mo naman ok lang yun, makinig kana lang ng music, may videos din kung trip mo manuod >> Ano gusto mo?",
            "Musta? Hind ba maganda araw mo? baka gusto mo magshare >> kung trip mo naman magsenti may music ako na pwede mong pakinggan >> o videos na pwedeng mapanuod.",
            "Kamusta araw mo? Gusto mo magkwento? >> Music baka trip mo makinig? >> Eh videos, meron ako dito. Ano gusto mo?"
        ],
        "return": "txtbox",
        "nextPattern": [
            "usap",
            "share",
            "talk",
            "kwento",
            "kuwento",
            "music",
            "tugtog",
            "kinig",
            "kanta",
            "video",
            "nuod",
            "bye",
            "goodbye",
            "paalam",
            "babye"
        ]
    },
    {
        "pattern": "askUser",
        "template": [
            "May kwento ka bang gusto i-share? Tara usap tayo.>> Gusto mo makinig ng mga music? >> O baka mas trip mo manood ng inspirational videos?"
        ],
        "return": "txtbox",
        "nextPattern": [
            "usap",
            "share",
            "talk",
            "kwento",
            "kuwento",
            "music",
            "tugtog",
            "kinig",
            "kanta",
            "video",
            "nuod",
            "bye",
            "goodbye",
            "paalam",
            "babye"
        ]
    },
    {
        "pattern": "doneSharing",
        "template": [
            "So, may kwento ka pa bang gusto i-share o pag usapan %cs%?? >> Gusto mo pa makinig ng mga kanta? >> Or baka gusto mo pa manood ng inspirational videos?"
        ],
        "return": "txtbox",
        "nextPattern": [
            "usap",
            "share",
            "talk",
            "kwento",
            "kuwento",
            "music",
            "tugtog",
            "kinig",
            "kanta",
            "video",
            "nuod",
            "bye",
            "goodbye",
            "paalam",
            "babye"
        ]
    },
    {
        "pattern": "usap,share,talk,kwento,kuwento",
        "template": [
            "Ah sige, ano ba yan %cs% share mo saken.",
            "Sige %cs% kwento ka makikinig ako.",
            "Mukang seryoso ah, sige kwento mo saken yan %cs%",
            "Ok %cs% tara pagusapan naten yan."
        ],
        "return": "txtbox",
        "nextPattern": []
    },
    {
        "pattern": "somethingShared",
        "template": [
            "Happy ako na naishare mo yan sakin %cs%. >> Wala ng mas sasarap pa sa pakiramdam ng makapagshare.",
            "Buti naman naishare mo yan saken para di mo sinosolo ang problema, mas magandang may kahati ka para di gaano mabigat. diba %cs%?",
            "Medyo hindi nga maganda yung araw mo %cs% salamat at naishare mo yan saken. >> malaking bagay yung makapagshare, nababawasan yung bigat ng problema.",
            "Problema nga yan, mabuti naman naishare o kahit na medyo hindi maganda yung pinagdadaanan mo %cs%"
        ],
        "return": "button",
        "answers": [
            {
                "returnForm": "button",
                "pattern": "doneSharing",
                "display": "Ok thanks."
            }
        ],
        "nextPattern": []
    },
    {
        "pattern": "music,tugtog,kinig,kanta",
        "template": [
            "Music lover naman pala hahahaha >> Marami akong music dito %cs%>> pili ka lang.",
            "Mukang mas trip mo magsenti ah >> Ok yan, pili ka ng trip mo pakinggan.",
            "Ay gusto magdrama hahahaha >> Makinig kana lang ng music baka sakaling maging ok ka."
        ],
        "return": "button",
        "answers": [
            {
                "returnForm": "music_modal",
                "pattern": "",
                "display": "Choose Song"
            }
        ],
        "nextPattern": []
    },
    {
        "pattern": "video,nuod",
        "template": [
            "Mukang trip mo mainspire ngayon %cs% ah >> may mga videos din akong nakakatawa >> pili ka.",
            "Hmmm... masarap naman talaga makinig ng kwento ng iba, maiinspire ka >> pili kana lang %cs%.",
            "Madaming aral ang makukuha mo sa videos na meron ako, sana makatulong sayo %cs%"
        ],
        "return": "button",
        "answers": [
            {
                "returnForm": "video_modal",
                "pattern": "",
                "display": "Choose Videos"
            }
        ],
        "nextPattern": []
    },
    {
        "pattern": "doneaud",
        "template": [
            "Kamusta ang pakikinig ng music? >> Ok ba %cs%?"
        ],
        "return": "txtbox",
        "nextPattern": []
    },
    {
        "pattern": "donevid",
        "template": [
            "So kamusta ang panunuod %cs% >> Nakatulong ba kahit papaano?"
        ],
        "return": "txtbox",
        "nextPattern": []
},
    {
        "pattern": "ok,feel better,felt better,better",
        "template": [
            "Buti naman kung ganun >> ano gusto mo ba mag-share? Tara usap tayo %cs%? >> O gusto mo naman manood ng inspirational videos or mas trip mo music?",
            "Masaya naman ako para sayo kung ganon >> ano gusto mo ba mag-share? Tara usap tayo %cs%? >> O gusto mo naman manood ng inspirational videos or mas trip mo music?"
        ],
        "return": "txtbox",
        "nextPattern": []
    },


    {
        "pattern": "bye,goodbye,paalam,babye,wala,ayoko,none,maya,saka,chaka",
        "template": [
            "Masaya akong nakausap kita >> Lagi lang akong andito >> Chat ka lang anytime!",
            "Ok sige, maya ulit >> Chat ka lang kapag gusto mo ng kausap",
            "Chat tayo ulit next time. Thank you sa oras %cs%.",
            "Salamat sa oras masaya akong nakausap kita."            
        ],
        "return": "hyperlink",
        "answers": [
            {
                "returnForm": "hyperlink",
                "pattern": "home.html",
                "display": "Thank you!"
            }
        ],
        
        "nextPattern": []
    }
]