[
    {
        "songtitle": "Every_Girl_is_a_Super_Girl",
        "original_singer": "Jojo Siwa",
        "uploaded_by": "Jojo Siwa",
        "source": "Youtube",
        "type_of_cc": "Attribution CC BY"
    },
    {
        "songtitle": "Scars_To_Your_Beautiful",
        "original_singer": "Alessia Cara",
        "uploaded_by": "Sixth",
        "source": "Youtube",
        "type_of_cc": "Attribution CC BY"
    },
    {
        "songtitle": "Fight_Song",
        "original_singer": "Rachel Plattern",
        "uploaded_by": "Julia Krushnic",
        "source": "Youtube",
        "type_of_cc": "Attribution CC BY"
    },
    {
        "songtitle": "Stand_By_You",
        "original_singer": "Rachel Plattern",
        "uploaded_by": "Gunawan",
        "source": "Youtube",
        "type_of_cc": "Attribution CC BY"
    },
    {
        "songtitle": "Perfect",
        "original_singer": "Ed Sheeran",
        "uploaded_by": "Md. Nazim Uddin",
        "source": "Youtube",
        "type_of_cc": "Attribution CC BY"
    },
    {
        "songtitle": "Love_Someone",
        "original_singer": "Lukas Graham",
        "uploaded_by": "Feel the frame Entertainments",
        "source": "Youtube",
        "type_of_cc": "Attribution CC BY"
    }
]