[
    {
        "videotitle": "Dont_dream_your_life,_Live_your_dream",
        "uploaded_by": "Success Archive",
        "source": "https://www.youtube.com/embed/pwQisAQcoms?modestbranding=1",
        "type_of_cc": "CC" 
    },
    {
        "videotitle": "10_Minutes_That_Will_Change_Your_Life",
        "uploaded_by": "Success Archive",
        "source": "https://www.youtubSuccess Archivee.com/embed/c2Vw7M0mNv4?modestbranding=1",
        "type_of_cc": "CC"
    },
    {
        "videotitle": "Advice_You_Need_To_Hear_When_Life_Gets_Tough",
        "uploaded_by": "Success Archive",
        "source": "https://www.youtube.com/embed/hS1hfqBBcgQ?modestbranding=1",
        "type_of_cc": "CC"
    },
    {
        "videotitle": "Jack_Maa:_How_to_be_successful_in_life.",
        "uploaded_by": "Mohammad Mahmudul Islam",
        "source": "https://www.youtube.com/embed/S7121EYNBco?modestbranding=1",
        "type_of_cc": "CC"
    },

    {
        "videotitle": "5_Steps_For_Success_In_Life",
        "uploaded_by": "RodeoFit TV",
        "source": "https://www.youtube.com/embed/ZoTTUPNYJ1M?modestbranding=1",
        "type_of_cc": "CC"
    }

    
]